{"cameraMode":{"drawMode":0,"name":"Shaded","section":"Shading Mode"},"sceneLighting":true,"audioPlay":false,"sceneViewState":{"showFog":true,"showMaterialUpdate":true,"showSkybox":true,"showFlares":true,"showImageEffects":true,"showParticleSystems":true},"in2DMode":false,"pivot":{"x":704.9271240234375,"y":-413.79876708984377,"z":2191.35888671875},"rotation":{"x":-0.19821922481060029,"y":0.05054803937673569,"z":-0.010236687026917935,"w":-0.9788026213645935},"size":1812.2725830078125,"orthographic":false}