{"cameraMode":{"drawMode":0,"name":"Shaded","section":"Shading Mode"},"sceneLighting":false,"audioPlay":false,"sceneViewState":{"showFog":true,"showMaterialUpdate":true,"showSkybox":true,"showFlares":true,"showImageEffects":true,"showParticleSystems":true},"in2DMode":false,"pivot":{"x":-22.849380493164064,"y":15.163948059082032,"z":-6.36798095703125},"rotation":{"x":-0.06210746616125107,"y":0.9290637373924255,"z":-0.31547462940216067,"w":-0.1829182505607605},"size":171.47303771972657,"orthographic":false}